PRIORITY,reassign_num
High,0.8920339668418924
Medium,0.6558655509991229
Low,0.5668415807106233
