STATUS,reassign_num
AWAITCHG,1.4
AWAITCUS,1.0333333333333334
SLAHOLD,0.96875
RESOLVED,0.9285714285714286
QUEUED,0.8727272727272727
CLOSED,0.6021390039382101
AWAITVEN,0.5714285714285714
INPROG,0.5423728813559322
