PRIORITY,reassign_num
High,0.7919346857991093
Medium,0.5423015269029615
Low,0.38589810676030945
