STATUS,reassign_num
AWAITCHG,1.4
AWAITCUS,1.0
SLAHOLD,0.9428571428571428
QUEUED,0.8448275862068966
INPROG,0.5909090909090909
CLOSED,0.4359604702523033
RESOLVED,0.41025641025641024
AWAITVEN,0.2857142857142857
