STATUS,ACTUAL_COMPLETION_HRS,BUSINESS_COMPLETION_HRS
RESOLVED,1926.4441071428566,553.1467857142857
INPROG,1791.134,508.1
CLOSED,263.47101343486446,80.58138262708502
SLAHOLD,98.18666666666667,28.856666666666666
QUEUED,16.035,9.025
AWAITVEN,1.590833333333333,0.2383333333333333
AWAITCHG,,
AWAITCUS,,
