STATUS,TIME_IN_STATUS_BY_OWNER_HRS
PENDINGREV,209.5430134680642
PENDINGCHG,158.83600628757736
AWAITVEN,144.05433887513013
SLAHOLD,128.12045237472321
AWAITCHG,127.37706540845724
PENDINGVEN,102.63182194602469
PENDINGCUS,92.3188245747526
AWAITCUS,85.69044064263012
PENDING,68.23039682545627
QUEUED,47.523961804366486
INPROG,40.15003897722552
HISTEDIT,16.63981481464834
NEW,8.283333333242856
RESOLVED,0.14728797325912465
CLOSED,
