STATUS,ACTUAL_COMPLETION_HRS,BUSINESS_COMPLETION_HRS
RESOLVED,2568.3502127659585,737.0819148936168
INPROG,955.9899999999999,264.8
CLOSED,122.55187081967807,43.91893562693107
QUEUED,28.37,14.37
AWAITVEN,4.216666666666666,0.2922222222222222
AWAITCUS,,
SLAHOLD,,
