STATUS,TIME_IN_STATUS_BY_OWNER_HRS
AWAITVEN,167.11735453307298
PENDINGVEN,88.86338912156235
SLAHOLD,73.84189922474025
AWAITCHG,66.54071537271436
AWAITCUS,58.56383265860428
PENDINGREV,48.97380952396132
PENDINGCHG,40.213333333068
PENDING,32.912584269693035
PENDINGCUS,23.423245614053513
INPROG,19.37318905890589
QUEUED,14.187863979968839
HISTEDIT,2.377777777776667
RESOLVED,0.08689954817593754
NEW,0.0
CLOSED,
